{"name":"roact-spring-story","className":"DataModel","filePaths":["test.project.json"],"children":[{"name":"ReplicatedStorage","className":"ReplicatedStorage","children":[{"name":"Packages","className":"Folder","children":[{"name":"Promise","className":"ModuleScript","filePaths":["Packages\\Promise.lua"]},{"name":"React","className":"ModuleScript","filePaths":["Packages\\React.lua"]},{"name":"ReactRoblox","className":"ModuleScript","filePaths":["Packages\\ReactRoblox.lua"]},{"name":"TestEZ","className":"ModuleScript","filePaths":["Packages\\TestEZ.lua"]},{"name":"_Index","className":"Folder","children":[{"name":"evaera_promise@4.0.0","className":"Folder","children":[{"name":"promise","className":"ModuleScript","filePaths":["Packages\\_Index\\evaera_promise@4.0.0\\promise\\lib\\init.lua","Packages\\_Index\\evaera_promise@4.0.0\\promise\\default.project.json"],"children":[{"name":"init.spec","className":"ModuleScript","filePaths":["Packages\\_Index\\evaera_promise@4.0.0\\promise\\lib\\init.spec.lua"]}]}]},{"name":"jsdotlua_boolean@1.2.3","className":"Folder","children":[{"name":"Number","className":"ModuleScript","filePaths":["Packages\\_Index\\jsdotlua_boolean@1.2.3\\Number.lua"]},{"name":"boolean","className":"ModuleScript","filePaths":["Packages\\_Index\\jsdotlua_boolean@1.2.3\\boolean\\src\\init.lua","Packages\\_Index\\jsdotlua_boolean@1.2.3\\boolean\\default.project.json"],"children":[{"name":"toJSBoolean","className":"ModuleScript","filePaths":["Packages\\_Index\\jsdotlua_boolean@1.2.3\\boolean\\src\\toJSBoolean.lua"]}]}]},{"name":"jsdotlua_collections@1.2.3","className":"Folder","children":[{"name":"ES7Types","className":"ModuleScript","filePaths":["Packages\\_Index\\jsdotlua_collections@1.2.3\\ES7Types.lua"]},{"name":"InstanceOf","className":"ModuleScript","filePaths":["Packages\\_Index\\jsdotlua_collections@1.2.3\\InstanceOf.lua"]},{"name":"collections","className":"ModuleScript","filePaths":["Packages\\_Index\\jsdotlua_collections@1.2.3\\collections\\src\\init.lua","Packages\\_Index\\jsdotlua_collections@1.2.3\\collections\\default.project.json"],"children":[{"name":"Array","className":"ModuleScript","filePaths":["Packages\\_Index\\jsdotlua_collections@1.2.3\\collections\\src\\Array\\init.lua"],"children":[{"name":"concat","className":"ModuleScript","filePaths":["Packages\\_Index\\jsdotlua_collections@1.2.3\\collections\\src\\Array\\concat.lua"]},{"name":"every","className":"ModuleScript","filePaths":["Packages\\_Index\\jsdotlua_collections@1.2.3\\collections\\src\\Array\\every.lua"]},{"name":"filter","className":"ModuleScript","filePaths":["Packages\\_Index\\jsdotlua_collections@1.2.3\\collections\\src\\Array\\filter.lua"]},{"name":"find","className":"ModuleScript","filePaths":["Packages\\_Index\\jsdotlua_collections@1.2.3\\collections\\src\\Array\\find.lua"]},{"name":"findIndex","className":"ModuleScript","filePaths":["Packages\\_Index\\jsdotlua_collections@1.2.3\\collections\\src\\Array\\findIndex.lua"]},{"name":"flat","className":"ModuleScript","filePaths":["Packages\\_Index\\jsdotlua_collections@1.2.3\\collections\\src\\Array\\flat.lua"]},{"name":"flatMap","className":"ModuleScript","filePaths":["Packages\\_Index\\jsdotlua_collections@1.2.3\\collections\\src\\Array\\flatMap.lua"]},{"name":"forEach","className":"ModuleScript","filePaths":["Packages\\_Index\\jsdotlua_collections@1.2.3\\collections\\src\\Array\\forEach.lua"]},{"name":"from","className":"ModuleScript","filePaths":["Packages\\_Index\\jsdotlua_collections@1.2.3\\collections\\src\\Array\\from\\init.lua"],"children":[{"name":"fromArray","className":"ModuleScript","filePaths":["Packages\\_Index\\jsdotlua_collections@1.2.3\\collections\\src\\Array\\from\\fromArray.lua"]},{"name":"fromMap","className":"ModuleScript","filePaths":["Packages\\_Index\\jsdotlua_collections@1.2.3\\collections\\src\\Array\\from\\fromMap.lua"]},{"name":"fromSet","className":"ModuleScript","filePaths":["Packages\\_Index\\jsdotlua_collections@1.2.3\\collections\\src\\Array\\from\\fromSet.lua"]},{"name":"fromString","className":"ModuleScript","filePaths":["Packages\\_Index\\jsdotlua_collections@1.2.3\\collections\\src\\Array\\from\\fromString.lua"]}]},{"name":"includes","className":"ModuleScript","filePaths":["Packages\\_Index\\jsdotlua_collections@1.2.3\\collections\\src\\Array\\includes.lua"]},{"name":"indexOf","className":"ModuleScript","filePaths":["Packages\\_Index\\jsdotlua_collections@1.2.3\\collections\\src\\Array\\indexOf.lua"]},{"name":"isArray","className":"ModuleScript","filePaths":["Packages\\_Index\\jsdotlua_collections@1.2.3\\collections\\src\\Array\\isArray.lua"]},{"name":"join","className":"ModuleScript","filePaths":["Packages\\_Index\\jsdotlua_collections@1.2.3\\collections\\src\\Array\\join.lua"]},{"name":"map","className":"ModuleScript","filePaths":["Packages\\_Index\\jsdotlua_collections@1.2.3\\collections\\src\\Array\\map.lua"]},{"name":"reduce","className":"ModuleScript","filePaths":["Packages\\_Index\\jsdotlua_collections@1.2.3\\collections\\src\\Array\\reduce.lua"]},{"name":"reverse","className":"ModuleScript","filePaths":["Packages\\_Index\\jsdotlua_collections@1.2.3\\collections\\src\\Array\\reverse.lua"]},{"name":"shift","className":"ModuleScript","filePaths":["Packages\\_Index\\jsdotlua_collections@1.2.3\\collections\\src\\Array\\shift.lua"]},{"name":"slice","className":"ModuleScript","filePaths":["Packages\\_Index\\jsdotlua_collections@1.2.3\\collections\\src\\Array\\slice.lua"]},{"name":"some","className":"ModuleScript","filePaths":["Packages\\_Index\\jsdotlua_collections@1.2.3\\collections\\src\\Array\\some.lua"]},{"name":"sort","className":"ModuleScript","filePaths":["Packages\\_Index\\jsdotlua_collections@1.2.3\\collections\\src\\Array\\sort.lua"]},{"name":"splice","className":"ModuleScript","filePaths":["Packages\\_Index\\jsdotlua_collections@1.2.3\\collections\\src\\Array\\splice.lua"]},{"name":"unshift","className":"ModuleScript","filePaths":["Packages\\_Index\\jsdotlua_collections@1.2.3\\collections\\src\\Array\\unshift.lua"]}]},{"name":"Map","className":"ModuleScript","filePaths":["Packages\\_Index\\jsdotlua_collections@1.2.3\\collections\\src\\Map\\init.lua"],"children":[{"name":"Map","className":"ModuleScript","filePaths":["Packages\\_Index\\jsdotlua_collections@1.2.3\\collections\\src\\Map\\Map.lua"]},{"name":"coerceToMap","className":"ModuleScript","filePaths":["Packages\\_Index\\jsdotlua_collections@1.2.3\\collections\\src\\Map\\coerceToMap.lua"]},{"name":"coerceToTable","className":"ModuleScript","filePaths":["Packages\\_Index\\jsdotlua_collections@1.2.3\\collections\\src\\Map\\coerceToTable.lua"]}]},{"name":"Object","className":"ModuleScript","filePaths":["Packages\\_Index\\jsdotlua_collections@1.2.3\\collections\\src\\Object\\init.lua"],"children":[{"name":"None","className":"ModuleScript","filePaths":["Packages\\_Index\\jsdotlua_collections@1.2.3\\collections\\src\\Object\\None.lua"]},{"name":"assign","className":"ModuleScript","filePaths":["Packages\\_Index\\jsdotlua_collections@1.2.3\\collections\\src\\Object\\assign.lua"]},{"name":"entries","className":"ModuleScript","filePaths":["Packages\\_Index\\jsdotlua_collections@1.2.3\\collections\\src\\Object\\entries.lua"]},{"name":"freeze","className":"ModuleScript","filePaths":["Packages\\_Index\\jsdotlua_collections@1.2.3\\collections\\src\\Object\\freeze.lua"]},{"name":"is","className":"ModuleScript","filePaths":["Packages\\_Index\\jsdotlua_collections@1.2.3\\collections\\src\\Object\\is.lua"]},{"name":"isFrozen","className":"ModuleScript","filePaths":["Packages\\_Index\\jsdotlua_collections@1.2.3\\collections\\src\\Object\\isFrozen.lua"]},{"name":"keys","className":"ModuleScript","filePaths":["Packages\\_Index\\jsdotlua_collections@1.2.3\\collections\\src\\Object\\keys.lua"]},{"name":"preventExtensions","className":"ModuleScript","filePaths":["Packages\\_Index\\jsdotlua_collections@1.2.3\\collections\\src\\Object\\preventExtensions.lua"]},{"name":"seal","className":"ModuleScript","filePaths":["Packages\\_Index\\jsdotlua_collections@1.2.3\\collections\\src\\Object\\seal.lua"]},{"name":"values","className":"ModuleScript","filePaths":["Packages\\_Index\\jsdotlua_collections@1.2.3\\collections\\src\\Object\\values.lua"]}]},{"name":"Set","className":"ModuleScript","filePaths":["Packages\\_Index\\jsdotlua_collections@1.2.3\\collections\\src\\Set\\init.lua"]},{"name":"WeakMap","className":"ModuleScript","filePaths":["Packages\\_Index\\jsdotlua_collections@1.2.3\\collections\\src\\WeakMap.lua"]},{"name":"inspect","className":"ModuleScript","filePaths":["Packages\\_Index\\jsdotlua_collections@1.2.3\\collections\\src\\inspect.lua"]}]}]},{"name":"jsdotlua_console@1.2.3","className":"Folder","children":[{"name":"Collections","className":"ModuleScript","filePaths":["Packages\\_Index\\jsdotlua_console@1.2.3\\Collections.lua"]},{"name":"console","className":"ModuleScript","filePaths":["Packages\\_Index\\jsdotlua_console@1.2.3\\console\\src\\init.lua","Packages\\_Index\\jsdotlua_console@1.2.3\\console\\default.project.json"],"children":[{"name":"makeConsoleImpl","className":"ModuleScript","filePaths":["Packages\\_Index\\jsdotlua_console@1.2.3\\console\\src\\makeConsoleImpl.lua"]}]}]},{"name":"jsdotlua_es7-types@1.2.3","className":"Folder","children":[{"name":"es7-types","className":"ModuleScript","filePaths":["Packages\\_Index\\jsdotlua_es7-types@1.2.3\\es7-types\\src\\init.lua","Packages\\_Index\\jsdotlua_es7-types@1.2.3\\es7-types\\default.project.json"]}]},{"name":"jsdotlua_instance-of@1.2.3","className":"Folder","children":[{"name":"instance-of","className":"ModuleScript","filePaths":["Packages\\_Index\\jsdotlua_instance-of@1.2.3\\instance-of\\src\\init.lua","Packages\\_Index\\jsdotlua_instance-of@1.2.3\\instance-of\\default.project.json"],"children":[{"name":"instanceof","className":"ModuleScript","filePaths":["Packages\\_Index\\jsdotlua_instance-of@1.2.3\\instance-of\\src\\instanceof.lua"]}]}]},{"name":"jsdotlua_luau-polyfill@1.2.3","className":"Folder","children":[{"name":"Boolean","className":"ModuleScript","filePaths":["Packages\\_Index\\jsdotlua_luau-polyfill@1.2.3\\Boolean.lua"]},{"name":"Collections","className":"ModuleScript","filePaths":["Packages\\_Index\\jsdotlua_luau-polyfill@1.2.3\\Collections.lua"]},{"name":"Console","className":"ModuleScript","filePaths":["Packages\\_Index\\jsdotlua_luau-polyfill@1.2.3\\Console.lua"]},{"name":"ES7Types","className":"ModuleScript","filePaths":["Packages\\_Index\\jsdotlua_luau-polyfill@1.2.3\\ES7Types.lua"]},{"name":"InstanceOf","className":"ModuleScript","filePaths":["Packages\\_Index\\jsdotlua_luau-polyfill@1.2.3\\InstanceOf.lua"]},{"name":"Math","className":"ModuleScript","filePaths":["Packages\\_Index\\jsdotlua_luau-polyfill@1.2.3\\Math.lua"]},{"name":"Number","className":"ModuleScript","filePaths":["Packages\\_Index\\jsdotlua_luau-polyfill@1.2.3\\Number.lua"]},{"name":"String","className":"ModuleScript","filePaths":["Packages\\_Index\\jsdotlua_luau-polyfill@1.2.3\\String.lua"]},{"name":"Symbol","className":"ModuleScript","filePaths":["Packages\\_Index\\jsdotlua_luau-polyfill@1.2.3\\Symbol.lua"]},{"name":"Timers","className":"ModuleScript","filePaths":["Packages\\_Index\\jsdotlua_luau-polyfill@1.2.3\\Timers.lua"]},{"name":"luau-polyfill","className":"ModuleScript","filePaths":["Packages\\_Index\\jsdotlua_luau-polyfill@1.2.3\\luau-polyfill\\src\\init.lua","Packages\\_Index\\jsdotlua_luau-polyfill@1.2.3\\luau-polyfill\\default.project.json"],"children":[{"name":"AssertionError","className":"ModuleScript","filePaths":["Packages\\_Index\\jsdotlua_luau-polyfill@1.2.3\\luau-polyfill\\src\\AssertionError\\init.lua"],"children":[{"name":"AssertionError.global","className":"ModuleScript","filePaths":["Packages\\_Index\\jsdotlua_luau-polyfill@1.2.3\\luau-polyfill\\src\\AssertionError\\AssertionError.global.lua"]}]},{"name":"Error","className":"ModuleScript","filePaths":["Packages\\_Index\\jsdotlua_luau-polyfill@1.2.3\\luau-polyfill\\src\\Error\\init.lua"],"children":[{"name":"Error.global","className":"ModuleScript","filePaths":["Packages\\_Index\\jsdotlua_luau-polyfill@1.2.3\\luau-polyfill\\src\\Error\\Error.global.lua"]}]},{"name":"Promise","className":"ModuleScript","filePaths":["Packages\\_Index\\jsdotlua_luau-polyfill@1.2.3\\luau-polyfill\\src\\Promise.lua"]},{"name":"encodeURIComponent","className":"ModuleScript","filePaths":["Packages\\_Index\\jsdotlua_luau-polyfill@1.2.3\\luau-polyfill\\src\\encodeURIComponent.lua"]},{"name":"extends","className":"ModuleScript","filePaths":["Packages\\_Index\\jsdotlua_luau-polyfill@1.2.3\\luau-polyfill\\src\\extends.lua"]}]}]},{"name":"jsdotlua_math@1.2.3","className":"Folder","children":[{"name":"math","className":"ModuleScript","filePaths":["Packages\\_Index\\jsdotlua_math@1.2.3\\math\\src\\init.lua","Packages\\_Index\\jsdotlua_math@1.2.3\\math\\default.project.json"]}]},{"name":"jsdotlua_number@1.2.3","className":"Folder","children":[{"name":"number","className":"ModuleScript","filePaths":["Packages\\_Index\\jsdotlua_number@1.2.3\\number\\src\\init.lua","Packages\\_Index\\jsdotlua_number@1.2.3\\number\\default.project.json"],"children":[{"name":"MAX_SAFE_INTEGER","className":"ModuleScript","filePaths":["Packages\\_Index\\jsdotlua_number@1.2.3\\number\\src\\MAX_SAFE_INTEGER.lua"]},{"name":"MIN_SAFE_INTEGER","className":"ModuleScript","filePaths":["Packages\\_Index\\jsdotlua_number@1.2.3\\number\\src\\MIN_SAFE_INTEGER.lua"]},{"name":"isFinite","className":"ModuleScript","filePaths":["Packages\\_Index\\jsdotlua_number@1.2.3\\number\\src\\isFinite.lua"]},{"name":"isInteger","className":"ModuleScript","filePaths":["Packages\\_Index\\jsdotlua_number@1.2.3\\number\\src\\isInteger.lua"]},{"name":"isNaN","className":"ModuleScript","filePaths":["Packages\\_Index\\jsdotlua_number@1.2.3\\number\\src\\isNaN.lua"]},{"name":"isSafeInteger","className":"ModuleScript","filePaths":["Packages\\_Index\\jsdotlua_number@1.2.3\\number\\src\\isSafeInteger.lua"]},{"name":"toExponential","className":"ModuleScript","filePaths":["Packages\\_Index\\jsdotlua_number@1.2.3\\number\\src\\toExponential.lua"]}]}]},{"name":"jsdotlua_react-reconciler@17.0.1","className":"Folder","children":[{"name":"LuauPolyfill","className":"ModuleScript","filePaths":["Packages\\_Index\\jsdotlua_react-reconciler@17.0.1\\LuauPolyfill.lua"]},{"name":"Promise","className":"ModuleScript","filePaths":["Packages\\_Index\\jsdotlua_react-reconciler@17.0.1\\Promise.lua"]},{"name":"React","className":"ModuleScript","filePaths":["Packages\\_Index\\jsdotlua_react-reconciler@17.0.1\\React.lua"]},{"name":"Scheduler","className":"ModuleScript","filePaths":["Packages\\_Index\\jsdotlua_react-reconciler@17.0.1\\Scheduler.lua"]},{"name":"Shared","className":"ModuleScript","filePaths":["Packages\\_Index\\jsdotlua_react-reconciler@17.0.1\\Shared.lua"]},{"name":"react-reconciler","className":"ModuleScript","filePaths":["Packages\\_Index\\jsdotlua_react-reconciler@17.0.1\\react-reconciler\\src\\init.luau","Packages\\_Index\\jsdotlua_react-reconciler@17.0.1\\react-reconciler\\default.project.json"],"children":[{"name":"DebugTracing","className":"ModuleScript","filePaths":["Packages\\_Index\\jsdotlua_react-reconciler@17.0.1\\react-reconciler\\src\\DebugTracing.luau"]},{"name":"MaxInts","className":"ModuleScript","filePaths":["Packages\\_Index\\jsdotlua_react-reconciler@17.0.1\\react-reconciler\\src\\MaxInts.luau"]},{"name":"ReactCapturedValue","className":"ModuleScript","filePaths":["Packages\\_Index\\jsdotlua_react-reconciler@17.0.1\\react-reconciler\\src\\ReactCapturedValue.luau"]},{"name":"ReactChildFiber.new","className":"ModuleScript","filePaths":["Packages\\_Index\\jsdotlua_react-reconciler@17.0.1\\react-reconciler\\src\\ReactChildFiber.new.luau"]},{"name":"ReactCurrentFiber","className":"ModuleScript","filePaths":["Packages\\_Index\\jsdotlua_react-reconciler@17.0.1\\react-reconciler\\src\\ReactCurrentFiber.luau"]},{"name":"ReactFiber.new","className":"ModuleScript","filePaths":["Packages\\_Index\\jsdotlua_react-reconciler@17.0.1\\react-reconciler\\src\\ReactFiber.new.luau"]},{"name":"ReactFiberBeginWork.new","className":"ModuleScript","filePaths":["Packages\\_Index\\jsdotlua_react-reconciler@17.0.1\\react-reconciler\\src\\ReactFiberBeginWork.new.luau"]},{"name":"ReactFiberClassComponent.new","className":"ModuleScript","filePaths":["Packages\\_Index\\jsdotlua_react-reconciler@17.0.1\\react-reconciler\\src\\ReactFiberClassComponent.new.luau"]},{"name":"ReactFiberCommitWork.new","className":"ModuleScript","filePaths":["Packages\\_Index\\jsdotlua_react-reconciler@17.0.1\\react-reconciler\\src\\ReactFiberCommitWork.new.luau"]},{"name":"ReactFiberCompleteWork.new","className":"ModuleScript","filePaths":["Packages\\_Index\\jsdotlua_react-reconciler@17.0.1\\react-reconciler\\src\\ReactFiberCompleteWork.new.luau"]},{"name":"ReactFiberComponentStack","className":"ModuleScript","filePaths":["Packages\\_Index\\jsdotlua_react-reconciler@17.0.1\\react-reconciler\\src\\ReactFiberComponentStack.luau"]},{"name":"ReactFiberContext.new","className":"ModuleScript","filePaths":["Packages\\_Index\\jsdotlua_react-reconciler@17.0.1\\react-reconciler\\src\\ReactFiberContext.new.luau"]},{"name":"ReactFiberDevToolsHook.new","className":"ModuleScript","filePaths":["Packages\\_Index\\jsdotlua_react-reconciler@17.0.1\\react-reconciler\\src\\ReactFiberDevToolsHook.new.luau"]},{"name":"ReactFiberErrorDialog","className":"ModuleScript","filePaths":["Packages\\_Index\\jsdotlua_react-reconciler@17.0.1\\react-reconciler\\src\\ReactFiberErrorDialog.luau"]},{"name":"ReactFiberErrorLogger","className":"ModuleScript","filePaths":["Packages\\_Index\\jsdotlua_react-reconciler@17.0.1\\react-reconciler\\src\\ReactFiberErrorLogger.luau"]},{"name":"ReactFiberFlags","className":"ModuleScript","filePaths":["Packages\\_Index\\jsdotlua_react-reconciler@17.0.1\\react-reconciler\\src\\ReactFiberFlags.luau"]},{"name":"ReactFiberHooks.new","className":"ModuleScript","filePaths":["Packages\\_Index\\jsdotlua_react-reconciler@17.0.1\\react-reconciler\\src\\ReactFiberHooks.new.luau"]},{"name":"ReactFiberHostConfig","className":"ModuleScript","filePaths":["Packages\\_Index\\jsdotlua_react-reconciler@17.0.1\\react-reconciler\\src\\ReactFiberHostConfig.luau"]},{"name":"ReactFiberHostContext.new","className":"ModuleScript","filePaths":["Packages\\_Index\\jsdotlua_react-reconciler@17.0.1\\react-reconciler\\src\\ReactFiberHostContext.new.luau"]},{"name":"ReactFiberHotReloading.new","className":"ModuleScript","filePaths":["Packages\\_Index\\jsdotlua_react-reconciler@17.0.1\\react-reconciler\\src\\ReactFiberHotReloading.new.luau"]},{"name":"ReactFiberHydrationContext.new","className":"ModuleScript","filePaths":["Packages\\_Index\\jsdotlua_react-reconciler@17.0.1\\react-reconciler\\src\\ReactFiberHydrationContext.new.luau"]},{"name":"ReactFiberLane","className":"ModuleScript","filePaths":["Packages\\_Index\\jsdotlua_react-reconciler@17.0.1\\react-reconciler\\src\\ReactFiberLane.luau"]},{"name":"ReactFiberLazyComponent.new","className":"ModuleScript","filePaths":["Packages\\_Index\\jsdotlua_react-reconciler@17.0.1\\react-reconciler\\src\\ReactFiberLazyComponent.new.luau"]},{"name":"ReactFiberNewContext.new","className":"ModuleScript","filePaths":["Packages\\_Index\\jsdotlua_react-reconciler@17.0.1\\react-reconciler\\src\\ReactFiberNewContext.new.luau"]},{"name":"ReactFiberOffscreenComponent","className":"ModuleScript","filePaths":["Packages\\_Index\\jsdotlua_react-reconciler@17.0.1\\react-reconciler\\src\\ReactFiberOffscreenComponent.luau"]},{"name":"ReactFiberReconciler","className":"ModuleScript","filePaths":["Packages\\_Index\\jsdotlua_react-reconciler@17.0.1\\react-reconciler\\src\\ReactFiberReconciler.luau"]},{"name":"ReactFiberReconciler.new","className":"ModuleScript","filePaths":["Packages\\_Index\\jsdotlua_react-reconciler@17.0.1\\react-reconciler\\src\\ReactFiberReconciler.new.luau"]},{"name":"ReactFiberRoot.new","className":"ModuleScript","filePaths":["Packages\\_Index\\jsdotlua_react-reconciler@17.0.1\\react-reconciler\\src\\ReactFiberRoot.new.luau"]},{"name":"ReactFiberSchedulerPriorities.roblox","className":"ModuleScript","filePaths":["Packages\\_Index\\jsdotlua_react-reconciler@17.0.1\\react-reconciler\\src\\ReactFiberSchedulerPriorities.roblox.luau"]},{"name":"ReactFiberStack.new","className":"ModuleScript","filePaths":["Packages\\_Index\\jsdotlua_react-reconciler@17.0.1\\react-reconciler\\src\\ReactFiberStack.new.luau"]},{"name":"ReactFiberSuspenseComponent.new","className":"ModuleScript","filePaths":["Packages\\_Index\\jsdotlua_react-reconciler@17.0.1\\react-reconciler\\src\\ReactFiberSuspenseComponent.new.luau"]},{"name":"ReactFiberSuspenseContext.new","className":"ModuleScript","filePaths":["Packages\\_Index\\jsdotlua_react-reconciler@17.0.1\\react-reconciler\\src\\ReactFiberSuspenseContext.new.luau"]},{"name":"ReactFiberThrow.new","className":"ModuleScript","filePaths":["Packages\\_Index\\jsdotlua_react-reconciler@17.0.1\\react-reconciler\\src\\ReactFiberThrow.new.luau"]},{"name":"ReactFiberTransition","className":"ModuleScript","filePaths":["Packages\\_Index\\jsdotlua_react-reconciler@17.0.1\\react-reconciler\\src\\ReactFiberTransition.luau"]},{"name":"ReactFiberTreeReflection","className":"ModuleScript","filePaths":["Packages\\_Index\\jsdotlua_react-reconciler@17.0.1\\react-reconciler\\src\\ReactFiberTreeReflection.luau"]},{"name":"ReactFiberUnwindWork.new","className":"ModuleScript","filePaths":["Packages\\_Index\\jsdotlua_react-reconciler@17.0.1\\react-reconciler\\src\\ReactFiberUnwindWork.new.luau"]},{"name":"ReactFiberWorkInProgress","className":"ModuleScript","filePaths":["Packages\\_Index\\jsdotlua_react-reconciler@17.0.1\\react-reconciler\\src\\ReactFiberWorkInProgress.luau"]},{"name":"ReactFiberWorkLoop.new","className":"ModuleScript","filePaths":["Packages\\_Index\\jsdotlua_react-reconciler@17.0.1\\react-reconciler\\src\\ReactFiberWorkLoop.new.luau"]},{"name":"ReactHookEffectTags","className":"ModuleScript","filePaths":["Packages\\_Index\\jsdotlua_react-reconciler@17.0.1\\react-reconciler\\src\\ReactHookEffectTags.luau"]},{"name":"ReactInternalTypes","className":"ModuleScript","filePaths":["Packages\\_Index\\jsdotlua_react-reconciler@17.0.1\\react-reconciler\\src\\ReactInternalTypes.luau"]},{"name":"ReactMutableSource.new","className":"ModuleScript","filePaths":["Packages\\_Index\\jsdotlua_react-reconciler@17.0.1\\react-reconciler\\src\\ReactMutableSource.new.luau"]},{"name":"ReactPortal","className":"ModuleScript","filePaths":["Packages\\_Index\\jsdotlua_react-reconciler@17.0.1\\react-reconciler\\src\\ReactPortal.luau"]},{"name":"ReactProfilerTimer.new","className":"ModuleScript","filePaths":["Packages\\_Index\\jsdotlua_react-reconciler@17.0.1\\react-reconciler\\src\\ReactProfilerTimer.new.luau"]},{"name":"ReactRootTags","className":"ModuleScript","filePaths":["Packages\\_Index\\jsdotlua_react-reconciler@17.0.1\\react-reconciler\\src\\ReactRootTags.luau"]},{"name":"ReactStrictModeWarnings.new","className":"ModuleScript","filePaths":["Packages\\_Index\\jsdotlua_react-reconciler@17.0.1\\react-reconciler\\src\\ReactStrictModeWarnings.new.luau"]},{"name":"ReactTestSelectors","className":"ModuleScript","filePaths":["Packages\\_Index\\jsdotlua_react-reconciler@17.0.1\\react-reconciler\\src\\ReactTestSelectors.luau"]},{"name":"ReactTypeOfMode","className":"ModuleScript","filePaths":["Packages\\_Index\\jsdotlua_react-reconciler@17.0.1\\react-reconciler\\src\\ReactTypeOfMode.luau"]},{"name":"ReactUpdateQueue.new","className":"ModuleScript","filePaths":["Packages\\_Index\\jsdotlua_react-reconciler@17.0.1\\react-reconciler\\src\\ReactUpdateQueue.new.luau"]},{"name":"ReactWorkTags","className":"ModuleScript","filePaths":["Packages\\_Index\\jsdotlua_react-reconciler@17.0.1\\react-reconciler\\src\\ReactWorkTags.luau"]},{"name":"SchedulerWithReactIntegration.new","className":"ModuleScript","filePaths":["Packages\\_Index\\jsdotlua_react-reconciler@17.0.1\\react-reconciler\\src\\SchedulerWithReactIntegration.new.luau"]},{"name":"SchedulingProfiler","className":"ModuleScript","filePaths":["Packages\\_Index\\jsdotlua_react-reconciler@17.0.1\\react-reconciler\\src\\SchedulingProfiler.luau"]},{"name":"forks","className":"Folder","children":[{"name":"ReactFiberHostConfig.test","className":"ModuleScript","filePaths":["Packages\\_Index\\jsdotlua_react-reconciler@17.0.1\\react-reconciler\\src\\forks\\ReactFiberHostConfig.test.luau"]}]}]}]},{"name":"jsdotlua_react-roblox@17.0.1","className":"Folder","children":[{"name":"LuauPolyfill","className":"ModuleScript","filePaths":["Packages\\_Index\\jsdotlua_react-roblox@17.0.1\\LuauPolyfill.lua"]},{"name":"React","className":"ModuleScript","filePaths":["Packages\\_Index\\jsdotlua_react-roblox@17.0.1\\React.lua"]},{"name":"ReactReconciler","className":"ModuleScript","filePaths":["Packages\\_Index\\jsdotlua_react-roblox@17.0.1\\ReactReconciler.lua"]},{"name":"Scheduler","className":"ModuleScript","filePaths":["Packages\\_Index\\jsdotlua_react-roblox@17.0.1\\Scheduler.lua"]},{"name":"Shared","className":"ModuleScript","filePaths":["Packages\\_Index\\jsdotlua_react-roblox@17.0.1\\Shared.lua"]},{"name":"react-roblox","className":"ModuleScript","filePaths":["Packages\\_Index\\jsdotlua_react-roblox@17.0.1\\react-roblox\\src\\init.luau","Packages\\_Index\\jsdotlua_react-roblox@17.0.1\\react-roblox\\default.project.json"],"children":[{"name":"ReactReconciler.roblox","className":"ModuleScript","filePaths":["Packages\\_Index\\jsdotlua_react-roblox@17.0.1\\react-roblox\\src\\ReactReconciler.roblox.luau"]},{"name":"client","className":"Folder","children":[{"name":"ReactRoblox","className":"ModuleScript","filePaths":["Packages\\_Index\\jsdotlua_react-roblox@17.0.1\\react-roblox\\src\\client\\ReactRoblox.luau"]},{"name":"ReactRobloxComponent","className":"ModuleScript","filePaths":["Packages\\_Index\\jsdotlua_react-roblox@17.0.1\\react-roblox\\src\\client\\ReactRobloxComponent.luau"]},{"name":"ReactRobloxComponentTree","className":"ModuleScript","filePaths":["Packages\\_Index\\jsdotlua_react-roblox@17.0.1\\react-roblox\\src\\client\\ReactRobloxComponentTree.luau"]},{"name":"ReactRobloxHostConfig","className":"ModuleScript","filePaths":["Packages\\_Index\\jsdotlua_react-roblox@17.0.1\\react-roblox\\src\\client\\ReactRobloxHostConfig.luau"]},{"name":"ReactRobloxHostTypes.roblox","className":"ModuleScript","filePaths":["Packages\\_Index\\jsdotlua_react-roblox@17.0.1\\react-roblox\\src\\client\\ReactRobloxHostTypes.roblox.luau"]},{"name":"ReactRobloxRoot","className":"ModuleScript","filePaths":["Packages\\_Index\\jsdotlua_react-roblox@17.0.1\\react-roblox\\src\\client\\ReactRobloxRoot.luau"]},{"name":"roblox","className":"Folder","children":[{"name":"RobloxComponentProps","className":"ModuleScript","filePaths":["Packages\\_Index\\jsdotlua_react-roblox@17.0.1\\react-roblox\\src\\client\\roblox\\RobloxComponentProps.luau"]},{"name":"SingleEventManager","className":"ModuleScript","filePaths":["Packages\\_Index\\jsdotlua_react-roblox@17.0.1\\react-roblox\\src\\client\\roblox\\SingleEventManager.luau"]},{"name":"getDefaultInstanceProperty","className":"ModuleScript","filePaths":["Packages\\_Index\\jsdotlua_react-roblox@17.0.1\\react-roblox\\src\\client\\roblox\\getDefaultInstanceProperty.luau"]}]}]}]}]},{"name":"jsdotlua_react@17.0.1","className":"Folder","children":[{"name":"LuauPolyfill","className":"ModuleScript","filePaths":["Packages\\_Index\\jsdotlua_react@17.0.1\\LuauPolyfill.lua"]},{"name":"Shared","className":"ModuleScript","filePaths":["Packages\\_Index\\jsdotlua_react@17.0.1\\Shared.lua"]},{"name":"react","className":"ModuleScript","filePaths":["Packages\\_Index\\jsdotlua_react@17.0.1\\react\\src\\init.luau","Packages\\_Index\\jsdotlua_react@17.0.1\\react\\default.project.json"],"children":[{"name":"None.roblox","className":"ModuleScript","filePaths":["Packages\\_Index\\jsdotlua_react@17.0.1\\react\\src\\None.roblox.luau"]},{"name":"React","className":"ModuleScript","filePaths":["Packages\\_Index\\jsdotlua_react@17.0.1\\react\\src\\React.luau"]},{"name":"ReactBaseClasses","className":"ModuleScript","filePaths":["Packages\\_Index\\jsdotlua_react@17.0.1\\react\\src\\ReactBaseClasses.luau"]},{"name":"ReactBinding.roblox","className":"ModuleScript","filePaths":["Packages\\_Index\\jsdotlua_react@17.0.1\\react\\src\\ReactBinding.roblox.luau"]},{"name":"ReactChildren","className":"ModuleScript","filePaths":["Packages\\_Index\\jsdotlua_react@17.0.1\\react\\src\\ReactChildren.luau"]},{"name":"ReactContext","className":"ModuleScript","filePaths":["Packages\\_Index\\jsdotlua_react@17.0.1\\react\\src\\ReactContext.luau"]},{"name":"ReactCreateRef","className":"ModuleScript","filePaths":["Packages\\_Index\\jsdotlua_react@17.0.1\\react\\src\\ReactCreateRef.luau"]},{"name":"ReactElement","className":"ModuleScript","filePaths":["Packages\\_Index\\jsdotlua_react@17.0.1\\react\\src\\ReactElement.luau"]},{"name":"ReactElementValidator","className":"ModuleScript","filePaths":["Packages\\_Index\\jsdotlua_react@17.0.1\\react\\src\\ReactElementValidator.luau"]},{"name":"ReactForwardRef","className":"ModuleScript","filePaths":["Packages\\_Index\\jsdotlua_react@17.0.1\\react\\src\\ReactForwardRef.luau"]},{"name":"ReactHooks","className":"ModuleScript","filePaths":["Packages\\_Index\\jsdotlua_react@17.0.1\\react\\src\\ReactHooks.luau"]},{"name":"ReactLazy","className":"ModuleScript","filePaths":["Packages\\_Index\\jsdotlua_react@17.0.1\\react\\src\\ReactLazy.luau"]},{"name":"ReactMemo","className":"ModuleScript","filePaths":["Packages\\_Index\\jsdotlua_react@17.0.1\\react\\src\\ReactMemo.luau"]},{"name":"ReactMutableSource","className":"ModuleScript","filePaths":["Packages\\_Index\\jsdotlua_react@17.0.1\\react\\src\\ReactMutableSource.luau"]},{"name":"ReactNoopUpdateQueue","className":"ModuleScript","filePaths":["Packages\\_Index\\jsdotlua_react@17.0.1\\react\\src\\ReactNoopUpdateQueue.luau"]},{"name":"createSignal.roblox","className":"ModuleScript","filePaths":["Packages\\_Index\\jsdotlua_react@17.0.1\\react\\src\\createSignal.roblox.luau"]}]}]},{"name":"jsdotlua_scheduler@17.0.1","className":"Folder","children":[{"name":"LuauPolyfill","className":"ModuleScript","filePaths":["Packages\\_Index\\jsdotlua_scheduler@17.0.1\\LuauPolyfill.lua"]},{"name":"Shared","className":"ModuleScript","filePaths":["Packages\\_Index\\jsdotlua_scheduler@17.0.1\\Shared.lua"]},{"name":"scheduler","className":"ModuleScript","filePaths":["Packages\\_Index\\jsdotlua_scheduler@17.0.1\\scheduler\\src\\init.luau","Packages\\_Index\\jsdotlua_scheduler@17.0.1\\scheduler\\default.project.json"],"children":[{"name":"Scheduler","className":"ModuleScript","filePaths":["Packages\\_Index\\jsdotlua_scheduler@17.0.1\\scheduler\\src\\Scheduler.luau"]},{"name":"SchedulerFeatureFlags","className":"ModuleScript","filePaths":["Packages\\_Index\\jsdotlua_scheduler@17.0.1\\scheduler\\src\\SchedulerFeatureFlags.luau"]},{"name":"SchedulerHostConfig","className":"ModuleScript","filePaths":["Packages\\_Index\\jsdotlua_scheduler@17.0.1\\scheduler\\src\\SchedulerHostConfig.luau"]},{"name":"SchedulerMinHeap","className":"ModuleScript","filePaths":["Packages\\_Index\\jsdotlua_scheduler@17.0.1\\scheduler\\src\\SchedulerMinHeap.luau"]},{"name":"SchedulerPriorities","className":"ModuleScript","filePaths":["Packages\\_Index\\jsdotlua_scheduler@17.0.1\\scheduler\\src\\SchedulerPriorities.luau"]},{"name":"SchedulerProfiling","className":"ModuleScript","filePaths":["Packages\\_Index\\jsdotlua_scheduler@17.0.1\\scheduler\\src\\SchedulerProfiling.luau"]},{"name":"Tracing","className":"ModuleScript","filePaths":["Packages\\_Index\\jsdotlua_scheduler@17.0.1\\scheduler\\src\\Tracing.luau"]},{"name":"TracingSubscriptions","className":"ModuleScript","filePaths":["Packages\\_Index\\jsdotlua_scheduler@17.0.1\\scheduler\\src\\TracingSubscriptions.luau"]},{"name":"forks","className":"Folder","children":[{"name":"SchedulerHostConfig.default","className":"ModuleScript","filePaths":["Packages\\_Index\\jsdotlua_scheduler@17.0.1\\scheduler\\src\\forks\\SchedulerHostConfig.default.luau"]},{"name":"SchedulerHostConfig.mock","className":"ModuleScript","filePaths":["Packages\\_Index\\jsdotlua_scheduler@17.0.1\\scheduler\\src\\forks\\SchedulerHostConfig.mock.luau"]}]},{"name":"unstable_mock","className":"ModuleScript","filePaths":["Packages\\_Index\\jsdotlua_scheduler@17.0.1\\scheduler\\src\\unstable_mock.luau"]}]}]},{"name":"jsdotlua_shared@17.0.1","className":"Folder","children":[{"name":"LuauPolyfill","className":"ModuleScript","filePaths":["Packages\\_Index\\jsdotlua_shared@17.0.1\\LuauPolyfill.lua"]},{"name":"shared","className":"ModuleScript","filePaths":["Packages\\_Index\\jsdotlua_shared@17.0.1\\shared\\src\\init.luau","Packages\\_Index\\jsdotlua_shared@17.0.1\\shared\\default.project.json"],"children":[{"name":"ConsolePatchingDev.roblox","className":"ModuleScript","filePaths":["Packages\\_Index\\jsdotlua_shared@17.0.1\\shared\\src\\ConsolePatchingDev.roblox.luau"]},{"name":"ErrorHandling.roblox","className":"ModuleScript","filePaths":["Packages\\_Index\\jsdotlua_shared@17.0.1\\shared\\src\\ErrorHandling.roblox.luau"]},{"name":"ExecutionEnvironment","className":"ModuleScript","filePaths":["Packages\\_Index\\jsdotlua_shared@17.0.1\\shared\\src\\ExecutionEnvironment.luau"]},{"name":"PropMarkers","className":"Folder","children":[{"name":"Change","className":"ModuleScript","filePaths":["Packages\\_Index\\jsdotlua_shared@17.0.1\\shared\\src\\PropMarkers\\Change.luau"]},{"name":"Event","className":"ModuleScript","filePaths":["Packages\\_Index\\jsdotlua_shared@17.0.1\\shared\\src\\PropMarkers\\Event.luau"]},{"name":"Tag","className":"ModuleScript","filePaths":["Packages\\_Index\\jsdotlua_shared@17.0.1\\shared\\src\\PropMarkers\\Tag.luau"]}]},{"name":"ReactComponentStackFrame","className":"ModuleScript","filePaths":["Packages\\_Index\\jsdotlua_shared@17.0.1\\shared\\src\\ReactComponentStackFrame.luau"]},{"name":"ReactElementType","className":"ModuleScript","filePaths":["Packages\\_Index\\jsdotlua_shared@17.0.1\\shared\\src\\ReactElementType.luau"]},{"name":"ReactErrorUtils","className":"ModuleScript","filePaths":["Packages\\_Index\\jsdotlua_shared@17.0.1\\shared\\src\\ReactErrorUtils.luau"]},{"name":"ReactFeatureFlags","className":"ModuleScript","filePaths":["Packages\\_Index\\jsdotlua_shared@17.0.1\\shared\\src\\ReactFeatureFlags.luau"]},{"name":"ReactFiberHostConfig","className":"ModuleScript","filePaths":["Packages\\_Index\\jsdotlua_shared@17.0.1\\shared\\src\\ReactFiberHostConfig\\init.luau"],"children":[{"name":"WithNoHydration","className":"ModuleScript","filePaths":["Packages\\_Index\\jsdotlua_shared@17.0.1\\shared\\src\\ReactFiberHostConfig\\WithNoHydration.luau"]},{"name":"WithNoPersistence","className":"ModuleScript","filePaths":["Packages\\_Index\\jsdotlua_shared@17.0.1\\shared\\src\\ReactFiberHostConfig\\WithNoPersistence.luau"]},{"name":"WithNoTestSelectors","className":"ModuleScript","filePaths":["Packages\\_Index\\jsdotlua_shared@17.0.1\\shared\\src\\ReactFiberHostConfig\\WithNoTestSelectors.luau"]}]},{"name":"ReactInstanceMap","className":"ModuleScript","filePaths":["Packages\\_Index\\jsdotlua_shared@17.0.1\\shared\\src\\ReactInstanceMap.luau"]},{"name":"ReactSharedInternals","className":"ModuleScript","filePaths":["Packages\\_Index\\jsdotlua_shared@17.0.1\\shared\\src\\ReactSharedInternals\\init.luau"],"children":[{"name":"IsSomeRendererActing","className":"ModuleScript","filePaths":["Packages\\_Index\\jsdotlua_shared@17.0.1\\shared\\src\\ReactSharedInternals\\IsSomeRendererActing.luau"]},{"name":"ReactCurrentBatchConfig","className":"ModuleScript","filePaths":["Packages\\_Index\\jsdotlua_shared@17.0.1\\shared\\src\\ReactSharedInternals\\ReactCurrentBatchConfig.luau"]},{"name":"ReactCurrentDispatcher","className":"ModuleScript","filePaths":["Packages\\_Index\\jsdotlua_shared@17.0.1\\shared\\src\\ReactSharedInternals\\ReactCurrentDispatcher.luau"]},{"name":"ReactCurrentOwner","className":"ModuleScript","filePaths":["Packages\\_Index\\jsdotlua_shared@17.0.1\\shared\\src\\ReactSharedInternals\\ReactCurrentOwner.luau"]},{"name":"ReactDebugCurrentFrame","className":"ModuleScript","filePaths":["Packages\\_Index\\jsdotlua_shared@17.0.1\\shared\\src\\ReactSharedInternals\\ReactDebugCurrentFrame.luau"]}]},{"name":"ReactSymbols","className":"ModuleScript","filePaths":["Packages\\_Index\\jsdotlua_shared@17.0.1\\shared\\src\\ReactSymbols.luau"]},{"name":"ReactTypes","className":"ModuleScript","filePaths":["Packages\\_Index\\jsdotlua_shared@17.0.1\\shared\\src\\ReactTypes.luau"]},{"name":"ReactVersion","className":"ModuleScript","filePaths":["Packages\\_Index\\jsdotlua_shared@17.0.1\\shared\\src\\ReactVersion.luau"]},{"name":"Symbol.roblox","className":"ModuleScript","filePaths":["Packages\\_Index\\jsdotlua_shared@17.0.1\\shared\\src\\Symbol.roblox.luau"]},{"name":"Type.roblox","className":"ModuleScript","filePaths":["Packages\\_Index\\jsdotlua_shared@17.0.1\\shared\\src\\Type.roblox.luau"]},{"name":"UninitializedState.roblox","className":"ModuleScript","filePaths":["Packages\\_Index\\jsdotlua_shared@17.0.1\\shared\\src\\UninitializedState.roblox.luau"]},{"name":"checkPropTypes","className":"ModuleScript","filePaths":["Packages\\_Index\\jsdotlua_shared@17.0.1\\shared\\src\\checkPropTypes.luau"]},{"name":"console","className":"ModuleScript","filePaths":["Packages\\_Index\\jsdotlua_shared@17.0.1\\shared\\src\\console.luau"]},{"name":"consoleWithStackDev","className":"ModuleScript","filePaths":["Packages\\_Index\\jsdotlua_shared@17.0.1\\shared\\src\\consoleWithStackDev.luau"]},{"name":"enqueueTask.roblox","className":"ModuleScript","filePaths":["Packages\\_Index\\jsdotlua_shared@17.0.1\\shared\\src\\enqueueTask.roblox.luau"]},{"name":"flowtypes.roblox","className":"ModuleScript","filePaths":["Packages\\_Index\\jsdotlua_shared@17.0.1\\shared\\src\\flowtypes.roblox.luau"]},{"name":"formatProdErrorMessage","className":"ModuleScript","filePaths":["Packages\\_Index\\jsdotlua_shared@17.0.1\\shared\\src\\formatProdErrorMessage.luau"]},{"name":"getComponentName","className":"ModuleScript","filePaths":["Packages\\_Index\\jsdotlua_shared@17.0.1\\shared\\src\\getComponentName.luau"]},{"name":"invariant","className":"ModuleScript","filePaths":["Packages\\_Index\\jsdotlua_shared@17.0.1\\shared\\src\\invariant.luau"]},{"name":"invokeGuardedCallbackImpl","className":"ModuleScript","filePaths":["Packages\\_Index\\jsdotlua_shared@17.0.1\\shared\\src\\invokeGuardedCallbackImpl.luau"]},{"name":"isValidElementType","className":"ModuleScript","filePaths":["Packages\\_Index\\jsdotlua_shared@17.0.1\\shared\\src\\isValidElementType.luau"]},{"name":"objectIs","className":"ModuleScript","filePaths":["Packages\\_Index\\jsdotlua_shared@17.0.1\\shared\\src\\objectIs.luau"]},{"name":"shallowEqual","className":"ModuleScript","filePaths":["Packages\\_Index\\jsdotlua_shared@17.0.1\\shared\\src\\shallowEqual.luau"]}]}]},{"name":"jsdotlua_string@1.2.3","className":"Folder","children":[{"name":"ES7Types","className":"ModuleScript","filePaths":["Packages\\_Index\\jsdotlua_string@1.2.3\\ES7Types.lua"]},{"name":"Number","className":"ModuleScript","filePaths":["Packages\\_Index\\jsdotlua_string@1.2.3\\Number.lua"]},{"name":"string","className":"ModuleScript","filePaths":["Packages\\_Index\\jsdotlua_string@1.2.3\\string\\src\\init.lua","Packages\\_Index\\jsdotlua_string@1.2.3\\string\\default.project.json"],"children":[{"name":"charCodeAt","className":"ModuleScript","filePaths":["Packages\\_Index\\jsdotlua_string@1.2.3\\string\\src\\charCodeAt.lua"]},{"name":"endsWith","className":"ModuleScript","filePaths":["Packages\\_Index\\jsdotlua_string@1.2.3\\string\\src\\endsWith.lua"]},{"name":"findOr","className":"ModuleScript","filePaths":["Packages\\_Index\\jsdotlua_string@1.2.3\\string\\src\\findOr.lua"]},{"name":"includes","className":"ModuleScript","filePaths":["Packages\\_Index\\jsdotlua_string@1.2.3\\string\\src\\includes.lua"]},{"name":"indexOf","className":"ModuleScript","filePaths":["Packages\\_Index\\jsdotlua_string@1.2.3\\string\\src\\indexOf.lua"]},{"name":"lastIndexOf","className":"ModuleScript","filePaths":["Packages\\_Index\\jsdotlua_string@1.2.3\\string\\src\\lastIndexOf.lua"]},{"name":"slice","className":"ModuleScript","filePaths":["Packages\\_Index\\jsdotlua_string@1.2.3\\string\\src\\slice.lua"]},{"name":"split","className":"ModuleScript","filePaths":["Packages\\_Index\\jsdotlua_string@1.2.3\\string\\src\\split.lua"]},{"name":"startsWith","className":"ModuleScript","filePaths":["Packages\\_Index\\jsdotlua_string@1.2.3\\string\\src\\startsWith.lua"]},{"name":"substr","className":"ModuleScript","filePaths":["Packages\\_Index\\jsdotlua_string@1.2.3\\string\\src\\substr.lua"]},{"name":"trim","className":"ModuleScript","filePaths":["Packages\\_Index\\jsdotlua_string@1.2.3\\string\\src\\trim.lua"]},{"name":"trimEnd","className":"ModuleScript","filePaths":["Packages\\_Index\\jsdotlua_string@1.2.3\\string\\src\\trimEnd.lua"]},{"name":"trimStart","className":"ModuleScript","filePaths":["Packages\\_Index\\jsdotlua_string@1.2.3\\string\\src\\trimStart.lua"]}]}]},{"name":"jsdotlua_symbol@1.0.0","className":"Folder","children":[{"name":"symbol","className":"ModuleScript","filePaths":["Packages\\_Index\\jsdotlua_symbol@1.0.0\\symbol\\src\\init.lua","Packages\\_Index\\jsdotlua_symbol@1.0.0\\symbol\\default.project.json"],"children":[{"name":"GlobalRegistry","className":"ModuleScript","filePaths":["Packages\\_Index\\jsdotlua_symbol@1.0.0\\symbol\\src\\GlobalRegistry.lua"]},{"name":"Registry.global","className":"ModuleScript","filePaths":["Packages\\_Index\\jsdotlua_symbol@1.0.0\\symbol\\src\\Registry.global.lua"]},{"name":"Symbol","className":"ModuleScript","filePaths":["Packages\\_Index\\jsdotlua_symbol@1.0.0\\symbol\\src\\Symbol.lua"]}]}]},{"name":"jsdotlua_timers@1.2.3","className":"Folder","children":[{"name":"Collections","className":"ModuleScript","filePaths":["Packages\\_Index\\jsdotlua_timers@1.2.3\\Collections.lua"]},{"name":"timers","className":"ModuleScript","filePaths":["Packages\\_Index\\jsdotlua_timers@1.2.3\\timers\\src\\init.lua","Packages\\_Index\\jsdotlua_timers@1.2.3\\timers\\default.project.json"],"children":[{"name":"makeIntervalImpl","className":"ModuleScript","filePaths":["Packages\\_Index\\jsdotlua_timers@1.2.3\\timers\\src\\makeIntervalImpl.lua"]},{"name":"makeTimerImpl","className":"ModuleScript","filePaths":["Packages\\_Index\\jsdotlua_timers@1.2.3\\timers\\src\\makeTimerImpl.lua"]}]}]},{"name":"roblox_testez@0.4.1","className":"Folder","children":[{"name":"testez","className":"ModuleScript","filePaths":["Packages\\_Index\\roblox_testez@0.4.1\\testez\\src\\init.lua","Packages\\_Index\\roblox_testez@0.4.1\\testez\\default.project.json"],"children":[{"name":"Context","className":"ModuleScript","filePaths":["Packages\\_Index\\roblox_testez@0.4.1\\testez\\src\\Context.lua"]},{"name":"Expectation","className":"ModuleScript","filePaths":["Packages\\_Index\\roblox_testez@0.4.1\\testez\\src\\Expectation.lua"]},{"name":"ExpectationContext","className":"ModuleScript","filePaths":["Packages\\_Index\\roblox_testez@0.4.1\\testez\\src\\ExpectationContext.lua"]},{"name":"LifecycleHooks","className":"ModuleScript","filePaths":["Packages\\_Index\\roblox_testez@0.4.1\\testez\\src\\LifecycleHooks.lua"]},{"name":"Reporters","className":"Folder","children":[{"name":"TeamCityReporter","className":"ModuleScript","filePaths":["Packages\\_Index\\roblox_testez@0.4.1\\testez\\src\\Reporters\\TeamCityReporter.lua"]},{"name":"TextReporter","className":"ModuleScript","filePaths":["Packages\\_Index\\roblox_testez@0.4.1\\testez\\src\\Reporters\\TextReporter.lua"]},{"name":"TextReporterQuiet","className":"ModuleScript","filePaths":["Packages\\_Index\\roblox_testez@0.4.1\\testez\\src\\Reporters\\TextReporterQuiet.lua"]}]},{"name":"TestBootstrap","className":"ModuleScript","filePaths":["Packages\\_Index\\roblox_testez@0.4.1\\testez\\src\\TestBootstrap.lua"]},{"name":"TestEnum","className":"ModuleScript","filePaths":["Packages\\_Index\\roblox_testez@0.4.1\\testez\\src\\TestEnum.lua"]},{"name":"TestPlan","className":"ModuleScript","filePaths":["Packages\\_Index\\roblox_testez@0.4.1\\testez\\src\\TestPlan.lua"]},{"name":"TestPlanner","className":"ModuleScript","filePaths":["Packages\\_Index\\roblox_testez@0.4.1\\testez\\src\\TestPlanner.lua"]},{"name":"TestResults","className":"ModuleScript","filePaths":["Packages\\_Index\\roblox_testez@0.4.1\\testez\\src\\TestResults.lua"]},{"name":"TestRunner","className":"ModuleScript","filePaths":["Packages\\_Index\\roblox_testez@0.4.1\\testez\\src\\TestRunner.lua"]},{"name":"TestSession","className":"ModuleScript","filePaths":["Packages\\_Index\\roblox_testez@0.4.1\\testez\\src\\TestSession.lua"]}]}]}]},{"name":"RoactSpring","className":"ModuleScript","filePaths":["src\\init.lua"],"children":[{"name":"Animation","className":"ModuleScript","filePaths":["src\\Animation.lua"]},{"name":"AnimationConfig","className":"ModuleScript","filePaths":["src\\AnimationConfig.lua"]},{"name":"AnimationConfig.spec","className":"ModuleScript","filePaths":["src\\AnimationConfig.spec.lua"]},{"name":"Controller","className":"ModuleScript","filePaths":["src\\Controller.lua"]},{"name":"Controller.spec","className":"ModuleScript","filePaths":["src\\Controller.spec.lua"]},{"name":"Promise","className":"ModuleScript","filePaths":["src\\Promise.lua"]},{"name":"React","className":"ModuleScript","filePaths":["src\\React.lua"]},{"name":"Signal","className":"ModuleScript","filePaths":["src\\Signal.lua"]},{"name":"SpringValue","className":"ModuleScript","filePaths":["src\\SpringValue.lua"]},{"name":"constants","className":"ModuleScript","filePaths":["src\\constants.lua"]},{"name":"helpers","className":"ModuleScript","filePaths":["src\\helpers.lua"]},{"name":"hooks","className":"Folder","children":[{"name":"useSpring","className":"ModuleScript","filePaths":["src\\hooks\\useSpring.lua"]},{"name":"useSpring.spec","className":"ModuleScript","filePaths":["src\\hooks\\useSpring.spec.lua"]},{"name":"useSprings","className":"ModuleScript","filePaths":["src\\hooks\\useSprings.lua"]},{"name":"useSprings.spec","className":"ModuleScript","filePaths":["src\\hooks\\useSprings.spec.lua"]},{"name":"useTrail","className":"ModuleScript","filePaths":["src\\hooks\\useTrail.lua"]}]},{"name":"isRoact17","className":"ModuleScript","filePaths":["src\\isRoact17.lua"]},{"name":"types","className":"Folder","children":[{"name":"common","className":"ModuleScript","filePaths":["src\\types\\common.lua"]}]},{"name":"util","className":"ModuleScript","filePaths":["src\\util\\init.lua"],"children":[{"name":"map","className":"ModuleScript","filePaths":["src\\util\\map.lua"]},{"name":"merge","className":"ModuleScript","filePaths":["src\\util\\merge.lua"]}]}]}]},{"name":"Stories","className":"Folder","children":[{"name":"components","className":"Folder","children":[{"name":"CircleButton","className":"ModuleScript","filePaths":["stories\\components\\CircleButton.lua"]}]},{"name":"hooks","className":"Folder","children":[{"name":"useSpringBouncePause.story","className":"ModuleScript","filePaths":["stories\\hooks\\useSpringBouncePause.story.lua"]},{"name":"useSpringBounceStop.story","className":"ModuleScript","filePaths":["stories\\hooks\\useSpringBounceStop.story.lua"]},{"name":"useSpringColorDeclarative.story","className":"ModuleScript","filePaths":["stories\\hooks\\useSpringColorDeclarative.story.lua"]},{"name":"useSpringDeclarative.story","className":"ModuleScript","filePaths":["stories\\hooks\\useSpringDeclarative.story.lua"]},{"name":"useSpringDrag.story","className":"ModuleScript","filePaths":["stories\\hooks\\useSpringDrag.story.lua"]},{"name":"useSpringEasingClick.story","className":"ModuleScript","filePaths":["stories\\hooks\\useSpringEasingClick.story.lua"]},{"name":"useSpringFromDeclarative.story","className":"ModuleScript","filePaths":["stories\\hooks\\useSpringFromDeclarative.story.lua"]},{"name":"useSpringFromImperative.story","className":"ModuleScript","filePaths":["stories\\hooks\\useSpringFromImperative.story.lua"]},{"name":"useSpringImmediate.story","className":"ModuleScript","filePaths":["stories\\hooks\\useSpringImmediate.story.lua"]},{"name":"useSpringImperative.story","className":"ModuleScript","filePaths":["stories\\hooks\\useSpringImperative.story.lua"]},{"name":"useSpringLoop.story","className":"ModuleScript","filePaths":["stories\\hooks\\useSpringLoop.story.lua"]},{"name":"useSpringVelocity.story","className":"ModuleScript","filePaths":["stories\\hooks\\useSpringVelocity.story.lua"]},{"name":"useSpringsEasing.story","className":"ModuleScript","filePaths":["stories\\hooks\\useSpringsEasing.story.lua"]},{"name":"useSpringsList.story","className":"ModuleScript","filePaths":["stories\\hooks\\useSpringsList.story.lua"]},{"name":"useTrailFollow.story","className":"ModuleScript","filePaths":["stories\\hooks\\useTrailFollow.story.lua"]},{"name":"useTrailList.story","className":"ModuleScript","filePaths":["stories\\hooks\\useTrailList.story.lua"]},{"name":"useTrailText.story","className":"ModuleScript","filePaths":["stories\\hooks\\useTrailText.story.lua"]}]},{"name":"others","className":"Folder","children":[{"name":"Spring.story","className":"ModuleScript","filePaths":["stories\\others\\Spring.story.lua"]},{"name":"SpringDrag.story","className":"ModuleScript","filePaths":["stories\\others\\SpringDrag.story.lua"]}]}]}]},{"name":"StarterPlayer","className":"StarterPlayer","children":[{"name":"StarterPlayerScripts","className":"StarterPlayerScripts","children":[{"name":"testRunner","className":"LocalScript","filePaths":["test/testRunner.client.lua"]}]}]}]}